State,Week,BookCode,Units Sold
Arizona,2019-11-03,84987,35162.50717494959
Arizona,2019-11-10,84987,34140.92064049811
Arizona,2019-11-17,84987,34498.26692398915
Arizona,2019-11-24,84987,34267.06297265517
Arizona,2019-12-01,84987,32809.986765019654
Arizona,2019-12-08,84987,34412.29258751814
Arizona,2019-12-15,84987,33510.31940100439
Arizona,2019-12-22,84987,34598.9249596895
Arizona,2019-12-29,84987,33565.95397176908
California,2019-11-03,84987,93632.04471009756
California,2019-11-10,84987,93899.59349750109
California,2019-11-17,84987,93852.44676109758
California,2019-11-24,84987,93860.75483371146
California,2019-12-01,84987,94082.95747099265
California,2019-12-08,84987,93859.54879408736
California,2019-12-15,84987,93859.50333232906
California,2019-12-22,84987,93859.5113434793
California,2019-12-29,84987,94083.17659553725
Colorado,2019-11-03,84987,26642.140094225822
Colorado,2019-11-10,84987,26565.927424885085
Colorado,2019-11-17,84987,26581.570476421068
Colorado,2019-11-24,84987,26578.35965775438
Colorado,2019-12-01,84987,26911.18537283157
Colorado,2019-12-08,84987,26578.883424284417
Colorado,2019-12-15,84987,26578.911189349026
Colorado,2019-12-22,84987,26578.90549042337
Colorado,2019-12-29,84987,26911.073337803213
Florida,2019-11-03,84987,107726.81621618182
Florida,2019-11-10,84987,109098.33703037535
Florida,2019-11-17,84987,109487.62814420182
Florida,2019-11-24,84987,109598.12414961125
Florida,2019-12-01,84987,106915.70872459527
Florida,2019-12-08,84987,109638.38929153192
Florida,2019-12-15,84987,109640.91604482605
Florida,2019-12-22,84987,109641.63323598645
Florida,2019-12-29,84987,106928.05830071638
Illinois,2019-11-03,84987,59724.919203388854
Illinois,2019-11-10,84987,59937.21454060742
Illinois,2019-11-17,84987,59792.20527355312
Illinois,2019-11-24,84987,59891.25449341412
Illinois,2019-12-01,84987,58710.87631788753
Illinois,2019-12-08,84987,59869.81122066534
Illinois,2019-12-15,84987,59838.24540872465
Illinois,2019-12-22,84987,59859.8065758867
Illinois,2019-12-29,84987,58732.35695675027
Indiana,2019-11-03,84987,20153.253767356473
Indiana,2019-11-10,84987,20191.782929208875
Indiana,2019-11-17,84987,20166.36886426544
Indiana,2019-11-24,84987,20183.132133070074
Indiana,2019-12-01,84987,19498.40882205757
Indiana,2019-12-08,84987,20179.368344446684
Indiana,2019-12-15,84987,20174.557598414412
Indiana,2019-12-22,84987,20177.730795188298
Indiana,2019-12-29,84987,19501.971576737644
Kansas,2019-11-03,84987,17067.81606106031
Kansas,2019-11-10,84987,17158.33863455029
Kansas,2019-11-17,84987,17199.47398182362
Kansas,2019-11-24,84987,17218.16674242531
Kansas,2019-12-01,84987,16551.049319555448
Kansas,2019-12-08,84987,17230.52114701903
Kansas,2019-12-15,84987,17232.275222475393
Kansas,2019-12-22,84987,17233.072310983367
Kansas,2019-12-29,84987,16557.822721098324
Maryland,2019-11-03,84987,50058.67092717463
Maryland,2019-11-10,84987,50952.295446498574
Maryland,2019-11-17,84987,50260.06244346013
Maryland,2019-11-24,84987,50796.29049017727
Maryland,2019-12-01,84987,50908.63152739072
Maryland,2019-12-08,84987,50702.67820537822
Maryland,2019-12-15,84987,50453.42474350269
Maryland,2019-12-22,84987,50646.505247339315
Maryland,2019-12-29,84987,51024.660448059774
Minnesota,2019-11-03,84987,20853.59562484721
Minnesota,2019-11-10,84987,20853.59562484721
Minnesota,2019-11-17,84987,20853.59562484721
Minnesota,2019-11-24,84987,20853.59562484721
Minnesota,2019-12-01,84987,20961.706717404035
Minnesota,2019-12-08,84987,20853.59562484721
Minnesota,2019-12-15,84987,20853.59562484721
Minnesota,2019-12-22,84987,20853.59562484721
Minnesota,2019-12-29,84987,20961.706717404035
Missouri,2019-11-03,84987,22661.63037485253
Missouri,2019-11-10,84987,23742.768707335363
Missouri,2019-11-17,84987,23493.861843176335
Missouri,2019-11-24,84987,24057.134171693102
Missouri,2019-12-01,84987,23098.283170011324
Missouri,2019-12-08,84987,24188.57544711154
Missouri,2019-12-15,84987,24085.212476428744
Missouri,2019-12-22,84987,24241.76841280859
Missouri,2019-12-29,84987,23384.360267536304
Nevada,2019-11-03,84987,11397.0269679838
Nevada,2019-11-10,84987,11397.0269679838
Nevada,2019-11-17,84987,11397.0269679838
Nevada,2019-11-24,84987,11397.0269679838
Nevada,2019-12-01,84987,11332.0
Nevada,2019-12-08,84987,11397.0269679838
Nevada,2019-12-15,84987,11397.0269679838
Nevada,2019-12-22,84987,11397.0269679838
Nevada,2019-12-29,84987,11332.0
New Mexico,2019-11-03,84987,24846.222022691072
New Mexico,2019-11-10,84987,25081.83801512131
New Mexico,2019-11-17,84987,24899.089569103806
New Mexico,2019-11-24,84987,25040.83289551108
New Mexico,2019-12-01,84987,25536.894268835083
New Mexico,2019-12-08,84987,25016.164781970347
New Mexico,2019-12-15,84987,24950.027033829756
New Mexico,2019-12-22,84987,25001.32478561275
New Mexico,2019-12-29,84987,25567.537543998787
New York,2019-11-03,84987,77723.40276705605
New York,2019-11-10,84987,79234.47533859395
New York,2019-11-17,84987,80099.39062924757
New York,2019-11-24,84987,80594.45517750093
New York,2019-12-01,84987,83106.37825600915
New York,2019-12-08,84987,81040.01802951995
New York,2019-12-15,84987,81132.85620245987
New York,2019-12-22,84987,81185.99538110987
New York,2019-12-29,84987,83444.96700202617
Ohio,2019-11-03,84987,19571.08872213933
Ohio,2019-11-10,84987,20126.37274350516
Ohio,2019-11-17,84987,19579.463628551635
Ohio,2019-11-24,84987,20521.31049999971
Ohio,2019-12-01,84987,19912.957861957333
Ohio,2019-12-08,84987,20284.689311588598
Ohio,2019-12-15,84987,20112.142462131047
Ohio,2019-12-22,84987,19903.424325399887
Ohio,2019-12-29,84987,20599.73680280596
Oklahoma,2019-11-03,84987,15783.756956001356
Oklahoma,2019-11-10,84987,16275.13504236406
Oklahoma,2019-11-17,84987,15651.649709170046
Oklahoma,2019-11-24,84987,15908.650549528573
Oklahoma,2019-12-01,84987,15899.029560145666
Oklahoma,2019-12-08,84987,15675.026814042085
Oklahoma,2019-12-15,84987,15582.762407805447
Oklahoma,2019-12-22,84987,15933.652211206541
Oklahoma,2019-12-29,84987,16054.99551104715
Oregon,2019-11-03,84987,14860.103251761995
Oregon,2019-11-10,84987,14947.093523538744
Oregon,2019-11-17,84987,14996.833870920245
Oregon,2019-11-24,84987,15025.275007004771
Oregon,2019-12-01,84987,14756.570370180603
Oregon,2019-12-08,84987,15050.836143498906
Oregon,2019-12-15,84987,15056.153078110774
Oregon,2019-12-22,84987,15059.193259147083
Oregon,2019-12-29,84987,14775.964557710695
Tennessee,2019-11-03,84987,22703.19722873004
Tennessee,2019-11-10,84987,22603.974695353027
Tennessee,2019-11-17,84987,22632.69834467077
Tennessee,2019-11-24,84987,22624.3832170274
Tennessee,2019-12-01,84987,21926.345907491694
Tennessee,2019-12-08,84987,22626.093508600887
Tennessee,2019-12-15,84987,22626.29523225837
Tennessee,2019-12-22,84987,22626.236835849817
Tennessee,2019-12-29,84987,21925.809308644515
Texas,2019-11-03,84987,77199.93317515492
Texas,2019-11-10,84987,76827.21977821579
Texas,2019-11-17,84987,76796.86023149858
Texas,2019-11-24,84987,76755.76410815981
Texas,2019-12-01,84987,75472.08680362608
Texas,2019-12-08,84987,76751.73515284268
Texas,2019-12-15,84987,76752.41677878883
Texas,2019-12-22,84987,76751.74101313719
Texas,2019-12-29,84987,75467.2316236638
Utah,2019-11-03,84987,13516.768739518382
Utah,2019-11-10,84987,13863.724922100271
Utah,2019-11-17,84987,14032.930295213258
Utah,2019-11-24,84987,14115.449240623744
Utah,2019-12-01,84987,14457.358575172935
Utah,2019-12-08,84987,14175.318544995709
Utah,2019-12-15,84987,14184.889873593755
Utah,2019-12-22,84987,14189.557668283469
Utah,2019-12-29,84987,14493.500153800147
Washington,2019-11-03,84987,3369.6287723368605
Washington,2019-11-10,84987,3439.1384656537584
Washington,2019-11-17,84987,3611.5555306055876
Washington,2019-11-24,84987,3658.714683765394
Washington,2019-12-01,84987,3672.5967487720873
Washington,2019-12-08,84987,3658.714683765394
Washington,2019-12-15,84987,3658.714683765394
Washington,2019-12-22,84987,3658.714683765394
Washington,2019-12-29,84987,3672.5967487720873
Wisconsin,2019-11-03,84987,16043.474740402466
Wisconsin,2019-11-10,84987,16465.985941769173
Wisconsin,2019-11-17,84987,16724.964317516136
Wisconsin,2019-11-24,84987,16883.70519559838
Wisconsin,2019-12-01,84987,16506.838144224366
Wisconsin,2019-12-08,84987,17040.645700205638
Wisconsin,2019-12-15,84987,17077.202199886146
Wisconsin,2019-12-22,84987,17099.609518034464
Wisconsin,2019-12-29,84987,16639.176767580095
Arizona,2019-11-03,22722,5688.279432709647
Arizona,2019-11-10,22722,7517.395746818742
Arizona,2019-11-17,22722,6012.7337156228905
Arizona,2019-11-24,22722,7250.494163473442
Arizona,2019-12-01,22722,6271.478503176126
Arizona,2019-12-08,22722,7069.882235852859
Arizona,2019-12-15,22722,6380.865902298774
Arizona,2019-12-22,22722,6947.662397401696
Arizona,2019-12-29,22722,6520.593038284342
California,2019-11-03,22722,23580.31344459188
California,2019-11-10,22722,23580.31344459188
California,2019-11-17,22722,23580.31344459188
California,2019-11-24,22722,23580.31344459188
California,2019-12-01,22722,24106.479031302973
California,2019-12-08,22722,23580.31344459188
California,2019-12-15,22722,23580.31344459188
California,2019-12-22,22722,23580.31344459188
California,2019-12-29,22722,24106.479031302973
Colorado,2019-11-03,22722,4151.188676231899
Colorado,2019-11-10,22722,4342.344362028918
Colorado,2019-11-17,22722,4202.4672289407035
Colorado,2019-11-24,22722,4304.821560068233
Colorado,2019-12-01,22722,4149.502851178023
Colorado,2019-12-08,22722,4284.729971995907
Colorado,2019-12-15,22722,4244.626245392879
Colorado,2019-12-22,22722,4273.9719291479605
Colorado,2019-12-29,22722,4172.0769007646995
Florida,2019-11-03,22722,28577.186144650717
Florida,2019-11-10,22722,28505.152554090597
Florida,2019-11-17,22722,28505.152554090597
Florida,2019-11-24,22722,28505.152554090597
Florida,2019-12-01,22722,26993.98592171495
Florida,2019-12-08,22722,28505.152554090597
Florida,2019-12-15,22722,28505.152554090597
Florida,2019-12-22,22722,28505.152554090597
Florida,2019-12-29,22722,26993.98592171495
Illinois,2019-11-03,22722,12855.565072461372
Illinois,2019-11-10,22722,14407.078065075662
Illinois,2019-11-17,22722,13257.070283622916
Illinois,2019-11-24,22722,14109.475583286849
Illinois,2019-12-01,22722,13568.896461627173
Illinois,2019-12-08,22722,13945.972000733876
Illinois,2019-12-15,22722,13598.849930066353
Illinois,2019-12-22,22722,13856.142704462656
Illinois,2019-12-29,22722,13756.671094087551
Indiana,2019-11-03,22722,3234.564686743361
Indiana,2019-11-10,22722,3598.7122140002753
Indiana,2019-11-17,22722,3302.29766050284
Indiana,2019-11-24,22722,3514.5896030910358
Indiana,2019-12-01,22722,3313.3741112602006
Indiana,2019-12-08,22722,3435.451756293718
Indiana,2019-12-15,22722,3427.5917889565417
Indiana,2019-12-22,22722,3367.993240047569
Indiana,2019-12-29,22722,3415.9465342135
Kansas,2019-11-03,22722,2896.4256226638613
Kansas,2019-11-10,22722,3080.776188499026
Kansas,2019-11-17,22722,2877.30990076979
Kansas,2019-11-24,22722,3119.3439698397224
Kansas,2019-12-01,22722,2852.7734532804657
Kansas,2019-12-08,22722,3113.5193970831842
Kansas,2019-12-15,22722,2970.957885595287
Kansas,2019-12-22,22722,3131.980528049787
Kansas,2019-12-29,22722,2974.897447336007
Maryland,2019-11-03,22722,10427.348596885837
Maryland,2019-11-10,22722,10916.040728600348
Maryland,2019-11-17,22722,10575.61558796374
Maryland,2019-11-24,22722,10811.228403686831
Maryland,2019-12-01,22722,10614.59063252676
Maryland,2019-12-08,22722,10760.086188086229
Maryland,2019-12-15,22722,10680.362104396321
Maryland,2019-12-22,22722,10734.850115375517
Maryland,2019-12-29,22722,10664.050709727795
Minnesota,2019-11-03,22722,2033.16238454841
Minnesota,2019-11-10,22722,2143.723702586167
Minnesota,2019-11-17,22722,2079.6906007035927
Minnesota,2019-11-24,22722,2151.70197183526
Minnesota,2019-12-01,22722,2052.5302307096663
Minnesota,2019-12-08,22722,2165.107289416294
Minnesota,2019-12-15,22722,2111.479642157775
Minnesota,2019-12-22,22722,2109.0748355533788
Minnesota,2019-12-29,22722,2170.2837503186097
Missouri,2019-11-03,22722,3750.549702155314
Missouri,2019-11-10,22722,5422.234394993215
Missouri,2019-11-17,22722,3856.1929682872133
Missouri,2019-11-24,22722,5320.687139774905
Missouri,2019-12-01,22722,3853.5386638822656
Missouri,2019-12-08,22722,5232.257538388154
Missouri,2019-12-15,22722,4033.26587306894
Missouri,2019-12-22,22722,5154.893555894026
Missouri,2019-12-29,22722,4008.6017469229187
Nevada,2019-11-03,22722,2625.859459043798
Nevada,2019-11-10,22722,2814.6305104678663
Nevada,2019-11-17,22722,2641.217739105247
Nevada,2019-11-24,22722,2800.5217692772694
Nevada,2019-12-01,22722,2651.969721971391
Nevada,2019-12-08,22722,2788.615392132253
Nevada,2019-12-15,22722,2665.1162856984456
Nevada,2019-12-22,22722,2778.567591637207
Nevada,2019-12-29,22722,2672.1377231496954
New Mexico,2019-11-03,22722,8936.003650405257
New Mexico,2019-11-10,22722,9777.42415429246
New Mexico,2019-11-17,22722,9324.701401327316
New Mexico,2019-11-24,22722,9807.002464984536
New Mexico,2019-12-01,22722,9301.302685977134
New Mexico,2019-12-08,22722,9825.637431512625
New Mexico,2019-12-15,22722,9678.812116756922
New Mexico,2019-12-22,22722,9837.29549257422
New Mexico,2019-12-29,22722,9505.822390245072
New York,2019-11-03,22722,23862.02577454761
New York,2019-11-10,22722,23686.07674147853
New York,2019-11-17,22722,23639.29872369297
New York,2019-11-24,22722,23626.862264624237
New York,2019-12-01,22722,23005.722207236737
New York,2019-12-08,22722,23622.676857038707
New York,2019-12-15,22722,23622.443155519628
New York,2019-12-22,22722,23622.38102335769
New York,2019-12-29,22722,23004.530819139796
Ohio,2019-11-03,22722,2754.2076100935114
Ohio,2019-11-10,22722,2917.752726091087
Ohio,2019-11-17,22722,2782.747447955684
Ohio,2019-11-24,22722,2894.1933019834364
Ohio,2019-12-01,22722,2722.869750590557
Ohio,2019-12-08,22722,2878.139015531261
Ohio,2019-12-15,22722,2815.4482716977027
Ohio,2019-12-22,22722,2867.1990149475982
Ohio,2019-12-29,22722,2745.153333974325
Oklahoma,2019-11-03,22722,3775.651942510164
Oklahoma,2019-11-10,22722,4400.834863647078
Oklahoma,2019-11-17,22722,3850.332585971414
Oklahoma,2019-11-24,22722,4241.775911392279
Oklahoma,2019-12-01,22722,3722.874145119434
Oklahoma,2019-12-08,22722,4136.517940693988
Oklahoma,2019-12-15,22722,3979.926068558597
Oklahoma,2019-12-22,22722,4074.2897005418968
Oklahoma,2019-12-29,22722,3808.9596558542335
Oregon,2019-11-03,22722,1690.9172760382398
Oregon,2019-11-10,22722,2040.126862185102
Oregon,2019-11-17,22722,1739.4370028247924
Oregon,2019-11-24,22722,1998.348542223652
Oregon,2019-12-01,22722,1736.9347791645553
Oregon,2019-12-08,22722,1967.3731922795985
Oregon,2019-12-15,22722,1802.0821638961495
Oregon,2019-12-22,22722,1944.4073979383732
Oregon,2019-12-29,22722,1783.3812563871288
Tennessee,2019-11-03,22722,5263.868220059151
Tennessee,2019-11-10,22722,6337.69033393452
Tennessee,2019-11-17,22722,5449.364063953244
Tennessee,2019-11-24,22722,6184.491640168463
Tennessee,2019-12-01,22722,5433.68848497413
Tennessee,2019-12-08,22722,6079.550891790284
Tennessee,2019-12-15,22722,5663.050921354264
Tennessee,2019-12-22,22722,6007.693677238896
Tennessee,2019-12-29,22722,5579.989880285319
Texas,2019-11-03,22722,24718.708518664644
Texas,2019-11-10,22722,27564.710486201093
Texas,2019-11-17,22722,25841.50130088249
Texas,2019-11-24,22722,26884.87721215665
Texas,2019-12-01,22722,25482.047341231624
Texas,2019-12-08,22722,26635.64278789706
Texas,2019-12-15,22722,26404.03710014132
Texas,2019-12-22,22722,26544.270681518003
Texas,2019-12-29,22722,25688.279209259494
Utah,2019-11-03,22722,1923.1695153315447
Utah,2019-11-10,22722,1976.0614600333045
Utah,2019-11-17,22722,1882.3778980810603
Utah,2019-11-24,22722,2039.2671086301968
Utah,2019-12-01,22722,1839.4961210588779
Utah,2019-12-08,22722,1991.079017436416
Utah,2019-12-15,22722,1923.863352221824
Utah,2019-12-22,22722,1993.6048010734037
Utah,2019-12-29,22722,1859.8584384114706
Washington,2019-11-03,22722,443.659649549749
Washington,2019-11-10,22722,448.1264086823497
Washington,2019-11-17,22722,452.66166848273986
Washington,2019-11-24,22722,451.7932160035427
Washington,2019-12-01,22722,436.88523134022176
Washington,2019-12-08,22722,450.0045744491837
Washington,2019-12-15,22722,459.07867174330505
Washington,2019-12-22,22722,448.7036140907076
Washington,2019-12-29,22722,438.47430843581316
Wisconsin,2019-11-03,22722,2564.52492080551
Wisconsin,2019-11-10,22722,2690.826533668469
Wisconsin,2019-11-17,22722,2568.6141041716755
Wisconsin,2019-11-24,22722,2674.3694404482667
Wisconsin,2019-12-01,22722,2530.595737728641
Wisconsin,2019-12-08,22722,2663.7963567062657
Wisconsin,2019-12-15,22722,2591.9963142497536
Wisconsin,2019-12-22,22722,2655.4525931646663
Wisconsin,2019-12-29,22722,2547.1594509332754
Arizona,2019-11-03,22979,139425.842698425
Arizona,2019-11-10,22979,140067.74850227946
Arizona,2019-11-17,22979,139682.7930166727
Arizona,2019-11-24,22979,139682.7930166727
Arizona,2019-12-01,22979,135768.5430043455
Arizona,2019-12-08,22979,139682.7930166727
Arizona,2019-12-15,22979,139682.7930166727
Arizona,2019-12-22,22979,139682.7930166727
Arizona,2019-12-29,22979,135768.5430043455
California,2019-11-03,22979,612427.76252818
California,2019-11-10,22979,625660.8788613289
California,2019-11-17,22979,622122.3907856949
California,2019-11-24,22979,622122.3907856949
California,2019-12-01,22979,605719.0782882877
California,2019-12-08,22979,622122.3907856949
California,2019-12-15,22979,622122.3907856949
California,2019-12-22,22979,622122.3907856949
California,2019-12-29,22979,605719.0782882877
Colorado,2019-11-03,22979,109215.04697712287
Colorado,2019-11-10,22979,109476.45678093843
Colorado,2019-11-17,22979,109737.86658475404
Colorado,2019-11-24,22979,109999.2763885696
Colorado,2019-12-01,22979,106915.08090651756
Colorado,2019-12-08,22979,110522.09599620076
Colorado,2019-12-15,22979,110783.50580001633
Colorado,2019-12-22,22979,111044.91560383193
Colorado,2019-12-29,22979,107960.72012177989
Florida,2019-11-03,22979,408041.42704111343
Florida,2019-11-10,22979,406252.51563084906
Florida,2019-11-17,22979,406737.3452951383
Florida,2019-11-24,22979,406605.9470593028
Florida,2019-12-01,22979,403024.80852762243
Florida,2019-12-08,22979,406631.9071297239
Florida,2019-12-15,22979,406634.5228456988
Florida,2019-12-22,22979,406633.81393597263
Florida,2019-12-29,22979,403017.25606393797
Illinois,2019-11-03,22979,222432.45432745054
Illinois,2019-11-10,22979,221503.11494551104
Illinois,2019-11-17,22979,221711.8375808312
Illinois,2019-11-24,22979,221664.96004680905
Illinois,2019-12-01,22979,214045.92588802753
Illinois,2019-12-08,22979,221673.12380204196
Illinois,2019-12-15,22979,221673.65487034625
Illinois,2019-12-22,22979,221673.53559639945
Illinois,2019-12-29,22979,214043.99988408908
Indiana,2019-11-03,22979,45073.39904999024
Indiana,2019-11-10,22979,45073.39904999024
Indiana,2019-11-17,22979,45073.39904999024
Indiana,2019-11-24,22979,45073.39904999024
Indiana,2019-12-01,22979,43422.08929682962
Indiana,2019-12-08,22979,45073.39904999024
Indiana,2019-12-15,22979,45073.39904999024
Indiana,2019-12-22,22979,45073.39904999024
Indiana,2019-12-29,22979,43422.08929682962
Kansas,2019-11-03,22979,43220.138356764684
Kansas,2019-11-10,22979,43220.138356764684
Kansas,2019-11-17,22979,43220.138356764684
Kansas,2019-11-24,22979,43220.138356764684
Kansas,2019-12-01,22979,42116.65529931015
Kansas,2019-12-08,22979,43220.138356764684
Kansas,2019-12-15,22979,43220.138356764684
Kansas,2019-12-22,22979,43220.138356764684
Kansas,2019-12-29,22979,42116.65529931015
Maryland,2019-11-03,22979,188616.060629647
Maryland,2019-11-10,22979,188476.2525553449
Maryland,2019-11-17,22979,188500.195403144
Maryland,2019-11-24,22979,188496.09506799816
Maryland,2019-12-01,22979,183027.10977343906
Maryland,2019-12-08,22979,188496.6770154459
Maryland,2019-12-15,22979,188496.6976098869
Maryland,2019-12-22,22979,188496.69408298357
Maryland,2019-12-29,22979,183027.00718905905
Minnesota,2019-11-03,22979,81994.10255639035
Minnesota,2019-11-10,22979,83699.36272326228
Minnesota,2019-11-17,22979,83906.29729781275
Minnesota,2019-11-24,22979,84113.23187236322
Minnesota,2019-12-01,22979,81599.7543353515
Minnesota,2019-12-08,22979,84527.1010214642
Minnesota,2019-12-15,22979,84734.03559601468
Minnesota,2019-12-22,22979,84940.97017056518
Minnesota,2019-12-29,22979,82427.49263355344
Missouri,2019-11-03,22979,58435.16908251702
Missouri,2019-11-10,22979,59895.711938511915
Missouri,2019-11-17,22979,60422.211557772695
Missouri,2019-11-24,22979,60612.005269024616
Missouri,2019-12-01,22979,58383.89061327827
Missouri,2019-12-08,22979,60705.085707564984
Missouri,2019-12-15,22979,60713.976348855
Missouri,2019-12-22,22979,60717.181266283456
Missouri,2019-12-29,22979,58421.80468220467
Nevada,2019-11-03,22979,60259.21974480496
Nevada,2019-11-10,22979,59593.26165078829
Nevada,2019-11-17,22979,60215.33325960557
Nevada,2019-11-24,22979,59634.25602670865
Nevada,2019-12-01,22979,58209.40742596112
Nevada,2019-12-08,22979,59670.02539228609
Nevada,2019-12-15,22979,60143.62823101381
Nevada,2019-12-22,22979,59701.235710411136
Nevada,2019-12-29,22979,58146.84168800666
New Mexico,2019-11-03,22979,112163.31788093447
New Mexico,2019-11-10,22979,111194.79047618678
New Mexico,2019-11-17,22979,112467.40500680608
New Mexico,2019-11-24,22979,111594.12217913217
New Mexico,2019-12-01,22979,108717.30796148117
New Mexico,2019-12-08,22979,111989.5781768702
New Mexico,2019-12-15,22979,113087.38570600018
New Mexico,2019-12-22,22979,112381.48089075262
New Mexico,2019-12-29,22979,109344.40193081376
New York,2019-11-03,22979,426300.3676284826
New York,2019-11-10,22979,420483.75059444
New York,2019-11-17,22979,422696.9867867933
New York,2019-11-24,22979,421854.84531272453
New York,2019-12-01,22979,407048.5945850069
New York,2019-12-08,22979,422053.3551545082
New York,2019-12-15,22979,422099.7486327781
New York,2019-12-22,22979,422082.0958073307
New York,2019-12-29,22979,406962.1252478563
Ohio,2019-11-03,22979,41326.123191564315
Ohio,2019-11-10,22979,41443.879817988214
Ohio,2019-11-17,22979,41460.17520513704
Ohio,2019-11-24,22979,41357.7035235486
Ohio,2019-12-01,22979,39619.003911021035
Ohio,2019-12-08,22979,41387.48751364247
Ohio,2019-12-15,22979,41312.36192958233
Ohio,2019-12-22,22979,41347.373017239035
Ohio,2019-12-29,22979,39585.51342533855
Oklahoma,2019-11-03,22979,53802.51364173469
Oklahoma,2019-11-10,22979,51534.17826959068
Oklahoma,2019-11-17,22979,52838.229375975665
Oklahoma,2019-11-24,22979,51590.406699226725
Oklahoma,2019-12-01,22979,50496.3276781304
Oklahoma,2019-12-08,22979,51649.58111141039
Oklahoma,2019-12-15,22979,52878.994045682884
Oklahoma,2019-12-22,22979,51749.6166409046
Oklahoma,2019-12-29,22979,50279.064413221364
Oregon,2019-11-03,22979,63984.86595918032
Oregon,2019-11-10,22979,63984.86595918032
Oregon,2019-11-17,22979,63984.86595918032
Oregon,2019-11-24,22979,63984.86595918032
Oregon,2019-12-01,22979,63264.81604073617
Oregon,2019-12-08,22979,63984.86595918032
Oregon,2019-12-15,22979,63984.86595918032
Oregon,2019-12-22,22979,63984.86595918032
Oregon,2019-12-29,22979,63264.81604073617
Tennessee,2019-11-03,22979,48602.980967085394
Tennessee,2019-11-10,22979,49001.40164967536
Tennessee,2019-11-17,22979,49001.40164967536
Tennessee,2019-11-24,22979,49001.40164967536
Tennessee,2019-12-01,22979,47195.968122219005
Tennessee,2019-12-08,22979,49001.40164967536
Tennessee,2019-12-15,22979,49001.40164967536
Tennessee,2019-12-22,22979,49001.40164967536
Tennessee,2019-12-29,22979,47195.968122219005
Texas,2019-11-03,22979,339752.9097148578
Texas,2019-11-10,22979,339606.962777843
Texas,2019-11-17,22979,339634.36872172693
Texas,2019-11-24,22979,339629.2224283169
Texas,2019-12-01,22979,330435.50130094896
Texas,2019-12-08,22979,339630.00733476924
Texas,2019-12-15,22979,339630.0414103981
Texas,2019-12-22,22979,339630.03501167
Texas,2019-12-29,22979,330435.34871389077
Utah,2019-11-03,22979,44465.4394514927
Utah,2019-11-10,22979,44465.4394514927
Utah,2019-11-17,22979,44465.4394514927
Utah,2019-11-24,22979,44465.4394514927
Utah,2019-12-01,22979,43157.36278451028
Utah,2019-12-08,22979,44465.4394514927
Utah,2019-12-15,22979,44465.4394514927
Utah,2019-12-22,22979,44465.4394514927
Utah,2019-12-29,22979,43157.36278451028
Washington,2019-11-03,22979,13186.346064633357
Washington,2019-11-10,22979,13186.346064633357
Washington,2019-11-17,22979,13186.346064633357
Washington,2019-11-24,22979,13186.346064633357
Washington,2019-12-01,22979,13114.213705462713
Washington,2019-12-08,22979,13186.346064633357
Washington,2019-12-15,22979,13186.346064633357
Washington,2019-12-22,22979,13186.346064633357
Washington,2019-12-29,22979,13114.213705462713
Wisconsin,2019-11-03,22979,50225.031166823486
Wisconsin,2019-11-10,22979,53043.27750325127
Wisconsin,2019-11-17,22979,52779.50632110722
Wisconsin,2019-11-24,22979,48758.54211773664
Wisconsin,2019-12-01,22979,51753.799994440116
Wisconsin,2019-12-08,22979,52345.54184085347
Wisconsin,2019-12-15,22979,49388.132353452536
Wisconsin,2019-12-22,22979,54236.871022716434
Wisconsin,2019-12-29,22979,51982.256000700116
Arizona,2019-11-03,22720,287237.61023412057
Arizona,2019-11-10,22720,288082.070176015
Arizona,2019-11-17,22720,286658.0528343928
Arizona,2019-11-24,22720,285273.04409262305
Arizona,2019-12-01,22720,292056.29912092857
Arizona,2019-12-08,22720,285346.5645561899
Arizona,2019-12-15,22720,284035.3275183753
Arizona,2019-12-22,22720,287406.04586303805
Arizona,2019-12-29,22720,291113.2084011826
California,2019-11-03,22720,1029235.8874554614
California,2019-11-10,22720,1029810.2692696229
California,2019-11-17,22720,1027734.1735434652
California,2019-11-24,22720,1026116.4557008408
California,2019-12-01,22720,1046253.7835447292
California,2019-12-08,22720,1023522.4014927552
California,2019-12-15,22720,1021089.121250762
California,2019-12-22,22720,1024222.9466773664
California,2019-12-29,22720,1041960.5747323236
Colorado,2019-11-03,22720,232217.4314617756
Colorado,2019-11-10,22720,233298.2090422137
Colorado,2019-11-17,22720,232781.14946643088
Colorado,2019-11-24,22720,232123.83984603433
Colorado,2019-12-01,22720,233761.42571396657
Colorado,2019-12-08,22720,231153.40519845663
Colorado,2019-12-15,22720,230345.68979950342
Colorado,2019-12-22,22720,231357.89097640628
Colorado,2019-12-29,22720,232747.39882536946
Florida,2019-11-03,22720,1198614.2618300654
Florida,2019-11-10,22720,1198614.2618300654
Florida,2019-11-17,22720,1198614.2618300654
Florida,2019-11-24,22720,1198614.2618300654
Florida,2019-12-01,22720,1185401.7618304368
Florida,2019-12-08,22720,1198614.2618300654
Florida,2019-12-15,22720,1198614.2618300654
Florida,2019-12-22,22720,1198614.2618300654
Florida,2019-12-29,22720,1185401.7618304368
Illinois,2019-11-03,22720,543094.9468995468
Illinois,2019-11-10,22720,543334.972415408
Illinois,2019-11-17,22720,542009.4095693561
Illinois,2019-11-24,22720,541245.9075497595
Illinois,2019-12-01,22720,545450.1938548344
Illinois,2019-12-08,22720,537440.6824885798
Illinois,2019-12-15,22720,535005.7733312034
Illinois,2019-12-22,22720,537109.627051856
Illinois,2019-12-29,22720,543087.9792264231
Indiana,2019-11-03,22720,151917.07966583857
Indiana,2019-11-10,22720,152044.94212944515
Indiana,2019-11-17,22720,152361.0815909295
Indiana,2019-11-24,22720,152014.5658788741
Indiana,2019-12-01,22720,154058.5672780246
Indiana,2019-12-08,22720,151491.70295854195
Indiana,2019-12-15,22720,150769.58120375845
Indiana,2019-12-22,22720,152286.59089086793
Indiana,2019-12-29,22720,153857.79310279828
Kansas,2019-11-03,22720,131197.34619818337
Kansas,2019-11-10,22720,130982.77388453105
Kansas,2019-11-17,22720,130800.5362891268
Kansas,2019-11-24,22720,130856.61304952465
Kansas,2019-12-01,22720,130375.12662941015
Kansas,2019-12-08,22720,130156.37864523935
Kansas,2019-12-15,22720,130237.04508844472
Kansas,2019-12-22,22720,130709.16723400877
Kansas,2019-12-29,22720,130830.06642196114
Maryland,2019-11-03,22720,438920.9077470751
Maryland,2019-11-10,22720,439905.18000616634
Maryland,2019-11-17,22720,439654.3385225361
Maryland,2019-11-24,22720,439763.8024434528
Maryland,2019-12-01,22720,449365.2216854573
Maryland,2019-12-08,22720,440266.700936981
Maryland,2019-12-15,22720,439886.52155751584
Maryland,2019-12-22,22720,440900.7345778454
Maryland,2019-12-29,22720,450498.762369484
Minnesota,2019-11-03,22720,164697.95945114462
Minnesota,2019-11-10,22720,164697.95945114462
Minnesota,2019-11-17,22720,164697.95945114462
Minnesota,2019-11-24,22720,164697.95945114462
Minnesota,2019-12-01,22720,167505.95945118033
Minnesota,2019-12-08,22720,164697.95945114462
Minnesota,2019-12-15,22720,164697.95945114462
Minnesota,2019-12-22,22720,164697.95945114462
Minnesota,2019-12-29,22720,167505.95945118033
Missouri,2019-11-03,22720,171291.4757053151
Missouri,2019-11-10,22720,172563.1786530934
Missouri,2019-11-17,22720,171379.9378686721
Missouri,2019-11-24,22720,172129.05158626146
Missouri,2019-12-01,22720,170335.67144765516
Missouri,2019-12-08,22720,170477.85038941386
Missouri,2019-12-15,22720,170285.34956953928
Missouri,2019-12-22,22720,171767.04932089878
Missouri,2019-12-29,22720,173051.46972869313
Nevada,2019-11-03,22720,105846.18843314168
Nevada,2019-11-10,22720,106841.78942090199
Nevada,2019-11-17,22720,105881.14494347708
Nevada,2019-11-24,22720,105248.0803427802
Nevada,2019-12-01,22720,107349.01018405873
Nevada,2019-12-08,22720,105209.8260484509
Nevada,2019-12-15,22720,104451.55558211869
Nevada,2019-12-22,22720,106367.01845191259
Nevada,2019-12-29,22720,107946.34879148829
New Mexico,2019-11-03,22720,274583.83416269306
New Mexico,2019-11-10,22720,276462.14514132607
New Mexico,2019-11-17,22720,275189.1719732489
New Mexico,2019-11-24,22720,273423.2744120829
New Mexico,2019-12-01,22720,275646.5889784661
New Mexico,2019-12-08,22720,272007.74396950053
New Mexico,2019-12-15,22720,271549.0492986979
New Mexico,2019-12-22,22720,272470.1743245933
New Mexico,2019-12-29,22720,274058.3502654436
New York,2019-11-03,22720,871583.2147930865
New York,2019-11-10,22720,856112.3520577541
New York,2019-11-17,22720,873854.8060954077
New York,2019-11-24,22720,853316.6469345107
New York,2019-12-01,22720,886655.5991467261
New York,2019-12-08,22720,851431.9690815539
New York,2019-12-15,22720,869643.5316232119
New York,2019-12-22,22720,858828.9609854037
New York,2019-12-29,22720,888705.2016471431
Ohio,2019-11-03,22720,138190.34747244074
Ohio,2019-11-10,22720,138699.90652728747
Ohio,2019-11-17,22720,138985.48203091553
Ohio,2019-11-24,22720,138682.06070426689
Ohio,2019-12-01,22720,139769.4686308564
Ohio,2019-12-08,22720,138139.2503732694
Ohio,2019-12-15,22720,137511.2349477366
Ohio,2019-12-22,22720,137690.31052912454
Ohio,2019-12-29,22720,139681.67902148995
Oklahoma,2019-11-03,22720,166468.13062414704
Oklahoma,2019-11-10,22720,168221.31997142357
Oklahoma,2019-11-17,22720,167172.06683847852
Oklahoma,2019-11-24,22720,166993.4935986335
Oklahoma,2019-12-01,22720,167440.1681328243
Oklahoma,2019-12-08,22720,165657.90992275946
Oklahoma,2019-12-15,22720,165163.9342941877
Oklahoma,2019-12-22,22720,166531.70315779018
Oklahoma,2019-12-29,22720,167445.26812550405
Oregon,2019-11-03,22720,143976.84626240144
Oregon,2019-11-10,22720,144905.32853651186
Oregon,2019-11-17,22720,144506.18507544545
Oregon,2019-11-24,22720,144816.4278112206
Oregon,2019-12-01,22720,144275.39323521356
Oregon,2019-12-08,22720,144552.9099449516
Oregon,2019-12-15,22720,143978.2395401632
Oregon,2019-12-22,22720,145333.26075584142
Oregon,2019-12-29,22720,144482.6982890725
Tennessee,2019-11-03,22720,169691.47598202954
Tennessee,2019-11-10,22720,170036.76052907042
Tennessee,2019-11-17,22720,169432.77937417358
Tennessee,2019-11-24,22720,168698.0504432434
Tennessee,2019-12-01,22720,173417.83541694903
Tennessee,2019-12-08,22720,168063.48998032755
Tennessee,2019-12-15,22720,166952.10718589346
Tennessee,2019-12-22,22720,170428.5753673891
Tennessee,2019-12-29,22720,175845.42334339116
Texas,2019-11-03,22720,865083.6669217647
Texas,2019-11-10,22720,873309.1930700858
Texas,2019-11-17,22720,870650.4011218786
Texas,2019-11-24,22720,866855.8550824429
Texas,2019-12-01,22720,891673.5601853294
Texas,2019-12-08,22720,868470.3038558378
Texas,2019-12-15,22720,874812.1146629115
Texas,2019-12-22,22720,870129.0901565279
Texas,2019-12-29,22720,891399.9419469165
Utah,2019-11-03,22720,107954.12027599184
Utah,2019-11-10,22720,107954.12027599184
Utah,2019-11-17,22720,107954.12027599184
Utah,2019-11-24,22720,107954.12027599184
Utah,2019-12-01,22720,109129.0
Utah,2019-12-08,22720,107954.12027599184
Utah,2019-12-15,22720,107954.12027599184
Utah,2019-12-22,22720,107954.12027599184
Utah,2019-12-29,22720,109129.0
Washington,2019-11-03,22720,33515.904085597474
Washington,2019-11-10,22720,33836.47339075255
Washington,2019-11-17,22720,34043.932867426556
Washington,2019-11-24,22720,34178.192242138146
Washington,2019-12-01,22720,34236.523593755075
Washington,2019-12-08,22720,34321.309373368174
Washington,2019-12-15,22720,34357.69908773735
Washington,2019-12-22,22720,34381.249037710535
Washington,2019-12-29,22720,34367.933731491656
Wisconsin,2019-11-03,22720,133901.15608700714
Wisconsin,2019-11-10,22720,132533.12696301972
Wisconsin,2019-11-17,22720,134020.54889256993
Wisconsin,2019-11-24,22720,132236.01587475598
Wisconsin,2019-12-01,22720,138454.78209071668
Wisconsin,2019-12-08,22720,132284.6250215221
Wisconsin,2019-12-15,22720,133439.73007569188
Wisconsin,2019-12-22,22720,133984.38879652257
Wisconsin,2019-12-29,22720,138440.96912148595
